ID;Profil;Statut;Anomalies;Illustrations;Statut;Commentaire  BA ;Commentaire  IIT
1;Super admin;;"Rendre fonctionnel le filtre par statut et la recherche par client
Laisser de l'espace les colonnes Numéro du client et le nom du client (à 80 on a l'impression que les écritures sont collés)";Image;A corriger;KO;
2;"Super admin
";;"- Les champs types de produits  et montant ne sont pas figés sur le formulaire, dés qu'on scrolle il s'affiche sur l'entête 
'- Inverser l'affiche du champ selectionner le mode d'expédition et l'icône 
'- Ajouter des ""*"" sur les champs obligatoires
";Image;A corriger;KO;
;;;;Image;Corrigé;OK;
;;;;Image;A corriger;KO;
3;"Super admin
";NA;"Dépuis le formulaire de création d'une commande, quand on clique sur le bouton ""Annuler"", c'est le pop-up de confirmation de soummission qui s'affiche";Image;Corrigé;OK;
4;"Super admin
";Créé;"- Le montant saisi est automatiquement réinitialisé 0
'- On a l'impression que le pied de page est dans le formulaire ";Image;Pris en charge;KO;
5;Super admin;Créé;Le mode d'expédition n'est pas affiché dans les détails de la commande créé;Image;Corrigé;OK;
6;"Super admin
";Créé;Quand on clique sur l'icône retourner à la liste des commande dépuis la page de détails, j'ai le pop_up de confirmation de soumission ;Image;Corrigé;OK;
7;"Super admin
";"NA
Créé";"- Effacer l'un des icônes de retour à la liste
'- En cliquant sur l'icône on a le pop-up de confirmation de soumission qui est affiché";Image;Corrigé;OK;
8;Super admin;créé;"- Aligner les boutons et les mettre du même côté
'- Mettre le bouton ""Modifier"" au même format que ""Historique des actions"", enlever la bordure et mettre un fond en couleur";Image;Corrigé;OK;
9;Super admin;"NA
Créé";Revoir la redirection, après soumission ou modification, on dévrait être rediriger sur la liste des commandes et non rester sur le formulaire d'ajout ou de modification qui est toujours modifiable avec les boutons action;Image;A corriger;KO;On reste toujours sur le formulaire
10;Super admin;"NA
Créé";Il faut inverser la possition des boutons sur le pop_up de confirmation de modification ou de soumission et d'enregistrement;Image;Corrigé;OK;
;;;;Image;Corrigé;OK;
11;Super admin;Créé;"- Afficher le mode d'expédition 
'- Aligner les boutons et les placer d'un même côté à gauche du formulaire ";Image;Corrigé;KO;
12;Super admin;Soumis;"Mettre le bouton 'Renvoyer"" au lieu de ""Submit""";Image;Corrigé;KO;
13;Super admin;Soumis;Ajouter un pop-up de confirmation pour le retour pour correction ;;Corrigé;KO;
14;Super admin;Soumis;"- Afficher dans l'historique des actions, le renvoi pour correction
'- Afficher l'historique des actions en allant de l'action la plus réccente à l'action la moins récente
'- Mettre les informations dans des blocs afin qu'elles soient plus lisibles 

";Image;Pris en charge;KO;
15;Super admin;En attente de correction ;"- Diminuer la taille du statut et le mettre un peu plus haut à gauche
'- Au statut ""En attente de correction"", l'utilisateur peut modifier et soumettre de nouveau sa commande ";Image;A corriger;KO;
16;Super admin;Soumis;La commande directement soumise n'est pas affiché dans la liste des commandes ;;Corrigé;KO;
17;Super admin;Soumis;"Renommer le bouton ""Submit"" à ""Valider""";Image;Corrigé;KO;
18;Super admin;Soumis;Ajouter un pop-up de confirmation de validation ;;Corrigé;KO;
19;Super admin;Soumis;"- Mettre des ""*"" sur les champs obligatoires
'- Ajouter des messages d'erreur lorsque un champ obligatoire n'est pas rempli";Image;A corriger;KO;
20;Super admin;Reçu, Expédié, Delivré;"Ajouter les informations systématiquement dans les délais de la commande (mode de livraison, poids, etc )
Je penses qu'on devrais avoir une section ""Information de la livraison et information de l'expéditions";Image;A corriger;KO;
21;Super admin;NA;Certaines actions sont affichés dans l'historique comme colis expédié Comme la validation de la réception, la confirmation de l'arrivée à  DK, etc.;Image;A corriger;KO;
22;Utilisateur;NA;Quand on clique sur l'icône retourner à la liste des commandes, j'ai un message indiquant qu'il faut renseigner le numéro de commande avant  d'afficher la liste des commandes ;Image;A corriger;KO;
23;Super admin;Actif ;"- La codification du numéro client n'est pas conforme pour rappel : 
Nos numéros clients suivent le format suivant :
PA pour les particuliers
PR pour les professionnels
Ces codes sont ensuite suivis par :
Les deux premières lettres du prénom du client
La première lettre du nom de famille
Un numéro séquentiel de quatre chiffres correspondant à l'ordre d'inscription du client.
'- Rendre fonctionnelle l'icône de visualisation
'- Renommer la colonne ""Rôle"" par ""Profil"" et l'afficher en français
";Image;A corriger;KO;
24;Utilisateur ;Créé;Je ne peux pas soumettre sans pourautant ajouter de fichier (Le rendre facultatif pour les tests);Image;A corriger;KO;
;"Super admin
Utilisateur";;Uniformiser les loaders ;;A corriger;KO;
19;"Super admin
Utilisateur ";"NA
Créé";Lorsque je clique su Annuler ou sur modifier, j'ai lepop-up de fichiers manquants alors on qu'on doit pouvoir annuler, enregistrer ou modifier une commande sans ajouter de fichier.;Image;A corriger;KO;
20;Super admin;;Effacer l'icône recherche sur la liste des commandes ;Image;A corriger;KO;
21;"Super admin
Utilisateur ";;Effacer l'icône euro sur le formulaire de cr&ation et de modification d'une commande ;Image;A corriger;KO;
;;;;;;;
;;;;;;;
;;;;;;;
;;;;;;;
;;;;;;;
;;;;;;;
;;;;;;;
;;;;;;;
;;;;;;;
;;;;;;;
;;;;;;;
;;;;;;;
;;;;;;;
;;;;;;;
;;;;;;;
;;;;;;;
;;;;;;;
;;;;;;;
;;;;;;;
;;;;;;;
;;;;;;;
;;;;;;;
;;;;;;;
;;;;;;;
;;;;;;;
;;;;;;;
;;;;;;;
;;;;;;;
;;;;;;;
;;;;;;;
;;;;;;;
;;;;;;;
;;;;;;;
;;;;;;;
;;;;;;;
;;;;;;;
;;;;;;;
;;;;;;;
;;;;;;;
;;;;;;;
;;;;;;;
;;;;;;;
;;;;;;;
;;;;;;;
;;;;;;;
;;;;;;;
;;;;;;;
;;;;;;;
;;;;;;;
;;;;;;;
;;;;;;;
;;;;;;;
;;;;;;;
;;;;;;;
;;;;;;;
;;;;;;;
;;;;;;;
;;;;;;;
;;;;;;;
;;;;;;;
;;;;;;;
;;;;;;;
;;;;;;;
;;;;;;;
;;;;;;;
;;;;;;;
;;;;;;;
;;;;;;;
;;;;;;;
;;;;;;;
;;;;;;;
;;;;;;;
;;;;;;;
;;;;;;;
;;;;;;;
;;;;;;;
;;;;;;;
;;;;;;;
;;;;;;;
;;;;;;;
;;;;;;;
;;;;;;;
;;;;;;;
;;;;;;;
;;;;;;;
;;;;;;;
;;;;;;;
;;;;;;;
;;;;;;;
;;;;;;;
;;;;;;;
;;;;;;;
;;;;;;;
;;;;;;;
;;;;;;;
;;;;;;;
;;;;;;;
;;;;;;;
;;;;;;;
;;;;;;;
;;;;;;;
;;;;;;;
;;;;;;;
;;;;;;;
;;;;;;;
;;;;;;;
;;;;;;;
;;;;;;;
;;;;;;;
;;;;;;;
;;;;;;;
;;;;;;;
;;;;;;;
;;;;;;;
;;;;;;;
;;;;;;;
;;;;;;;
;;;;;;;
;;;;;;;
;;;;;;;
;;;;;;;
;;;;;;;
;;;;;;;
;;;;;;;
;;;;;;;
;;;;;;;
;;;;;;;
;;;;;;;
;;;;;;;
;;;;;;;
;;;;;;;
;;;;;;;
;;;;;;;
;;;;;;;
;;;;;;;
;;;;;;;
;;;;;;;
;;;;;;;
;;;;;;;
;;;;;;;
;;;;;;;
;;;;;;;
;;;;;;;
;;;;;;;
;;;;;;;
;;;;;;;
;;;;;;;
;;;;;;;
;;;;;;;
;;;;;;;
;;;;;;;
;;;;;;;
;;;;;;;
;;;;;;;
;;;;;;;
;;;;;;;
;;;;;;;
;;;;;;;
;;;;;;;
;;;;;;;
;;;;;;;
;;;;;;;
;;;;;;;
;;;;;;;
;;;;;;;
;;;;;;;
;;;;;;;
;;;;;;;
;;;;;;;
;;;;;;;
;;;;;;;
;;;;;;;
;;;;;;;
;;;;;;;
;;;;;;;
;;;;;;;
;;;;;;;
;;;;;;;
;;;;;;;
;;;;;;;
;;;;;;;
;;;;;;;
;;;;;;;
;;;;;;;
;;;;;;;
;;;;;;;
;;;;;;;
;;;;;;;
;;;;;;;
;;;;;;;
;;;;;;;
;;;;;;;
;;;;;;;
;;;;;;;
;;;;;;;
;;;;;;;
;;;;;;;
;;;;;;;
;;;;;;;
;;;;;;;
;;;;;;;
;;;;;;;
;;;;;;;
;;;;;;;
;;;;;;;
;;;;;;;
;;;;;;;
;;;;;;;
;;;;;;;
;;;;;;;
;;;;;;;
;;;;;;;
;;;;;;;
;;;;;;;
;;;;;;;
;;;;;;;
;;;;;;;
;;;;;;;
;;;;;;;
;;;;;;;
;;;;;;;
;;;;;;;
;;;;;;;
;;;;;;;
;;;;;;;
;;;;;;;
;;;;;;;
;;;;;;;
;;;;;;;
;;;;;;;
;;;;;;;
;;;;;;;
;;;;;;;
;;;;;;;
;;;;;;;
;;;;;;;
;;;;;;;
;;;;;;;
;;;;;;;
;;;;;;;
;;;;;;;
;;;;;;;
;;;;;;;
;;;;;;;
;;;;;;;
;;;;;;;
;;;;;;;
;;;;;;;
;;;;;;;
;;;;;;;
;;;;;;;
;;;;;;;
;;;;;;;
;;;;;;;
;;;;;;;
;;;;;;;
;;;;;;;
;;;;;;;
;;;;;;;
;;;;;;;
;;;;;;;
;;;;;;;
;;;;;;;
;;;;;;;
;;;;;;;
;;;;;;;
;;;;;;;
;;;;;;;
;;;;;;;
;;;;;;;
;;;;;;;
;;;;;;;
;;;;;;;
;;;;;;;
;;;;;;;
;;;;;;;
;;;;;;;
;;;;;;;
;;;;;;;
;;;;;;;
;;;;;;;
;;;;;;;
;;;;;;;
;;;;;;;
;;;;;;;
;;;;;;;
;;;;;;;
;;;;;;;
;;;;;;;
;;;;;;;
;;;;;;;
;;;;;;;
;;;;;;;
;;;;;;;
;;;;;;;
;;;;;;;
;;;;;;;
;;;;;;;
;;;;;;;
;;;;;;;
;;;;;;;
;;;;;;;
;;;;;;;
;;;;;;;
;;;;;;;
;;;;;;;
;;;;;;;
;;;;;;;
;;;;;;;
;;;;;;;
;;;;;;;
;;;;;;;
;;;;;;;
;;;;;;;
;;;;;;;
;;;;;;;
;;;;;;;
;;;;;;;
;;;;;;;
;;;;;;;
;;;;;;;
;;;;;;;
;;;;;;;
;;;;;;;
;;;;;;;
;;;;;;;
;;;;;;;
;;;;;;;
;;;;;;;
;;;;;;;
;;;;;;;
;;;;;;;
;;;;;;;
;;;;;;;
;;;;;;;
;;;;;;;
;;;;;;;
;;;;;;;
;;;;;;;
;;;;;;;
;;;;;;;
;;;;;;;
;;;;;;;
;;;;;;;
;;;;;;;
;;;;;;;
;;;;;;;
;;;;;;;
;;;;;;;
;;;;;;;
;;;;;;;
;;;;;;;
;;;;;;;
;;;;;;;
;;;;;;;
;;;;;;;
;;;;;;;
;;;;;;;
;;;;;;;
;;;;;;;
;;;;;;;
;;;;;;;
;;;;;;;
;;;;;;;
;;;;;;;
;;;;;;;
;;;;;;;
;;;;;;;
;;;;;;;
;;;;;;;
;;;;;;;
;;;;;;;
;;;;;;;
;;;;;;;
;;;;;;;
;;;;;;;
;;;;;;;
;;;;;;;
;;;;;;;
;;;;;;;
;;;;;;;
;;;;;;;
;;;;;;;
;;;;;;;
;;;;;;;
;;;;;;;
;;;;;;;
;;;;;;;
;;;;;;;
;;;;;;;
;;;;;;;
;;;;;;;
;;;;;;;
;;;;;;;
;;;;;;;
;;;;;;;
;;;;;;;
;;;;;;;
;;;;;;;
;;;;;;;
;;;;;;;
;;;;;;;
;;;;;;;
;;;;;;;
;;;;;;;
;;;;;;;
;;;;;;;
;;;;;;;
;;;;;;;
;;;;;;;
;;;;;;;
;;;;;;;
;;;;;;;
;;;;;;;
;;;;;;;
;;;;;;;
;;;;;;;
;;;;;;;
;;;;;;;
;;;;;;;
;;;;;;;
;;;;;;;
;;;;;;;
;;;;;;;
;;;;;;;
;;;;;;;
;;;;;;;
;;;;;;;
;;;;;;;
;;;;;;;
;;;;;;;
;;;;;;;
;;;;;;;
;;;;;;;
;;;;;;;
;;;;;;;
;;;;;;;
;;;;;;;
;;;;;;;
;;;;;;;
;;;;;;;
;;;;;;;
;;;;;;;
;;;;;;;
;;;;;;;
;;;;;;;
;;;;;;;
;;;;;;;
;;;;;;;
;;;;;;;
;;;;;;;
;;;;;;;
;;;;;;;
;;;;;;;
;;;;;;;
;;;;;;;
;;;;;;;
;;;;;;;
;;;;;;;
;;;;;;;
;;;;;;;
;;;;;;;
;;;;;;;
;;;;;;;
;;;;;;;
;;;;;;;
;;;;;;;
;;;;;;;
;;;;;;;
;;;;;;;
;;;;;;;
;;;;;;;
;;;;;;;
;;;;;;;
;;;;;;;
;;;;;;;
;;;;;;;
;;;;;;;
;;;;;;;
;;;;;;;
;;;;;;;
;;;;;;;
;;;;;;;
;;;;;;;
;;;;;;;
;;;;;;;
;;;;;;;
;;;;;;;
;;;;;;;
;;;;;;;
;;;;;;;
;;;;;;;
;;;;;;;
;;;;;;;
;;;;;;;
;;;;;;;
;;;;;;;
;;;;;;;
;;;;;;;
;;;;;;;
;;;;;;;
;;;;;;;
;;;;;;;
;;;;;;;
;;;;;;;
;;;;;;;
;;;;;;;
;;;;;;;
;;;;;;;
;;;;;;;
;;;;;;;
;;;;;;;
;;;;;;;
;;;;;;;
;;;;;;;
;;;;;;;
;;;;;;;
;;;;;;;
;;;;;;;
;;;;;;;
;;;;;;;
;;;;;;;
;;;;;;;
;;;;;;;
;;;;;;;
;;;;;;;
;;;;;;;
;;;;;;;
;;;;;;;
;;;;;;;
;;;;;;;
;;;;;;;
;;;;;;;
;;;;;;;
;;;;;;;
;;;;;;;
;;;;;;;
;;;;;;;
;;;;;;;
;;;;;;;
;;;;;;;
;;;;;;;
;;;;;;;
;;;;;;;
;;;;;;;
;;;;;;;
;;;;;;;
;;;;;;;
;;;;;;;
;;;;;;;
;;;;;;;
;;;;;;;
;;;;;;;
;;;;;;;
;;;;;;;
;;;;;;;
;;;;;;;
;;;;;;;
;;;;;;;
;;;;;;;
;;;;;;;
;;;;;;;
;;;;;;;
;;;;;;;
;;;;;;;
;;;;;;;
;;;;;;;
;;;;;;;
;;;;;;;
;;;;;;;
;;;;;;;
;;;;;;;
;;;;;;;
;;;;;;;
;;;;;;;
;;;;;;;
;;;;;;;
;;;;;;;
;;;;;;;
;;;;;;;
;;;;;;;
;;;;;;;
;;;;;;;
;;;;;;;
;;;;;;;
;;;;;;;
;;;;;;;
;;;;;;;
;;;;;;;
;;;;;;;
;;;;;;;
;;;;;;;
;;;;;;;
;;;;;;;
;;;;;;;
;;;;;;;
;;;;;;;
;;;;;;;
;;;;;;;
;;;;;;;
;;;;;;;
;;;;;;;
;;;;;;;
;;;;;;;
;;;;;;;
;;;;;;;
;;;;;;;
;;;;;;;
;;;;;;;
;;;;;;;
;;;;;;;
;;;;;;;
;;;;;;;
;;;;;;;
;;;;;;;
;;;;;;;
;;;;;;;
;;;;;;;
;;;;;;;
;;;;;;;
;;;;;;;
;;;;;;;
;;;;;;;
;;;;;;;
;;;;;;;
;;;;;;;
;;;;;;;
;;;;;;;
;;;;;;;
;;;;;;;
;;;;;;;
;;;;;;;
